use Kursova;
INSERT INTO departments (faculty_name, department) VALUES ('ІПСА', 'ММСА');
INSERT INTO departments (faculty_name, department) VALUES ('ІПСА', 'СП');
INSERT INTO departments (faculty_name, department) VALUES ('ФЛ', 'АМГС');
INSERT INTO departments (faculty_name, department) VALUES ('ФСП', 'КПП');
INSERT INTO departments (faculty_name, department) VALUES ('ФМФ', 'МАтаТЙ');
INSERT INTO departments (faculty_name, department) VALUES ('ФМФ', 'ТПЕ');
INSERT INTO departments (faculty_name, department) VALUES ('ФМФ', 'ДР');
INSERT INTO departments (faculty_name, department) VALUES ('ФМФ', 'МФ');
INSERT INTO departments (faculty_name, department) VALUES ('ФМФ', 'ЗФтаФТТ');
INSERT INTO departments (faculty_name, department) VALUES ('ФМФ', 'ЗтаЕФ');
INSERT INTO departments (faculty_name, department) VALUES ('ФМФ', 'НГІтаКГ');
INSERT INTO departments (faculty_name, department) VALUES ('ФСП', 'КС');
INSERT INTO departments (faculty_name, department) VALUES ('ФСП', 'КТПУ');
INSERT INTO departments (faculty_name, department) VALUES ('ФСП', 'КХАП');
INSERT INTO departments (faculty_name, department) VALUES ('ФСП', 'КИППИС');
INSERT INTO departments (faculty_name, department) VALUES ('ФСП', 'КФ');
INSERT INTO departments (faculty_name, department) VALUES ('ФЛ', 'АМТС');
INSERT INTO departments (faculty_name, department) VALUES ('ФЛ', 'УМЛК');


INSERT INTO groups_ (department, groupname, year) VALUES ('ММСА', 'КА-91', 3);
INSERT INTO groups_ (department, groupname, year) VALUES ('ММСА', 'КА-96', 3);
INSERT INTO groups_ (department, groupname, year) VALUES ('СП', 'ДА-91', 3);
INSERT INTO groups_ (department, groupname, year) VALUES ('ММСА', 'КА-12', 1);
INSERT INTO groups_ (department, groupname, year) VALUES ('ММСА', 'КА-11', 1);
INSERT INTO groups_ (department, groupname, year) VALUES ('ММСА', 'КА-93', 3);
INSERT INTO groups_ (department, groupname, year) VALUES ('ММСА', 'КА-94', 3);
INSERT INTO groups_ (department, groupname, year) VALUES ('ММСА', 'КА-95', 3);
INSERT INTO groups_ (department, groupname, year) VALUES ('СП', 'ДА-92', 3);
INSERT INTO groups_ (department, groupname, year) VALUES ('СП', 'ДА-01', 2);
INSERT INTO groups_ (department, groupname, year) VALUES ('СП', 'ДА-02', 2);
INSERT INTO groups_ (department, groupname, year) VALUES ('ММСА', 'КА-01', 2);
INSERT INTO groups_ (department, groupname, year) VALUES ('ММСА', 'КА-03', 2);
INSERT INTO groups_ (department, groupname, year) VALUES ('ММСА', 'КА-04', 2);
INSERT INTO groups_ (department, groupname, year) VALUES ('ММСА', 'КА-05', 2);
INSERT INTO groups_ (department, groupname, year) VALUES ('ММСА', 'КА-06', 2);
INSERT INTO groups_ (department, groupname, year) VALUES ('ММСА', 'КА-07', 2);
INSERT INTO groups_ (department, groupname, year) VALUES ('ММСА', 'КА-13', 1);
INSERT INTO groups_ (department, groupname, year) VALUES ('ММСА', 'КА-14', 1);
INSERT INTO groups_ (department, groupname, year) VALUES ('ММСА', 'КА-15', 1);
INSERT INTO groups_ (department, groupname, year) VALUES ('ММСА', 'КА-16', 1);
INSERT INTO groups_ (department, groupname, year) VALUES ('ММСА', 'КА-17', 1);
INSERT INTO groups_ (department, groupname, year) VALUES ('СП', 'ДА-11', 1);
INSERT INTO groups_ (department, groupname, year) VALUES ('СП', 'ДА-12', 1);
INSERT INTO groups_ (department, groupname, year) VALUES ('СП', 'ДА-13', 1);
INSERT INTO groups_ (department, groupname, year) VALUES ('СП', 'ДА-81', 4);
INSERT INTO groups_ (department, groupname, year) VALUES ('СП', 'ДА-82', 4);
INSERT INTO groups_ (department, groupname, year) VALUES ('ММСА', 'КА-81', 4);
INSERT INTO groups_ (department, groupname, year) VALUES ('ММСА', 'КА-83', 4);
INSERT INTO groups_ (department, groupname, year) VALUES ('ММСА', 'КА-84', 4);
INSERT INTO groups_ (department, groupname, year) VALUES ('ММСА', 'КА-92', 3);
INSERT INTO groups_ (department, groupname, year) VALUES ('ММСА', 'КА-85', 4);
INSERT INTO groups_ (department, groupname, year) VALUES ('ММСА', 'КА-97', 3);

INSERT INTO students (studname, grupa, gender, birthday, kids, scholarship) VALUES ('Семиволос Олена', 'КА-91', 'Ж', '2002-01-31', 0, 0);
INSERT INTO students (studname, grupa, gender, birthday, kids, scholarship) VALUES ('Собко Тетяна', 'КА-91', 'Ж', '2002-01-25', 0, 1300);
INSERT INTO students (studname, grupa, gender, birthday, kids, scholarship) VALUES ('Аблець Андрій', 'КА-91', 'Ч', '2002-05-01', 0, 0);
INSERT INTO students (studname, grupa, gender, birthday, kids, scholarship) VALUES ('Висоцька Марія', 'КА-91', 'Ж', '2002-03-27', 0, 0);
INSERT INTO students (studname, grupa, gender, birthday, kids, scholarship) VALUES ('Возняк Володимр', 'КА-91', 'Ч', '2002-04-09', 0, 1300);
INSERT INTO students (studname, grupa, gender, birthday, kids, scholarship) VALUES ('Гікал Антон', 'КА-91', 'Ч', '2002-10-03', 0, 0);
INSERT INTO students (studname, grupa, gender, birthday, kids, scholarship) VALUES ('Гульчук Всеволод', 'КА-91', 'Ч', '2002-10-16', 0, 1800);
INSERT INTO students (studname, grupa, gender, birthday, kids, scholarship) VALUES ('Драгомирова Марія', 'КА-91', 'Ж', '2002-09-21', 0, 0);
INSERT INTO students (studname, grupa, gender, birthday, kids, scholarship) VALUES ('Житар Роман', 'КА-91', 'Ч', '2002-03-24', 0, 1800);
INSERT INTO students (studname, grupa, gender, birthday, kids, scholarship) VALUES ('Іващенко Дмитро', 'КА-91', 'Ч', '2002-06-01', 0, 1800);
INSERT INTO students (studname, grupa, gender, birthday, kids, scholarship) VALUES ('Кічангіна Ольга', 'КА-91', 'Ж', '2001-10-19', 0, 1300);
INSERT INTO students (studname, grupa, gender, birthday, kids, scholarship) VALUES ('Кравченко Анна', 'КА-91', 'Ж', '2002-02-16', 0, 1300);
INSERT INTO students (studname, grupa, gender, birthday, kids, scholarship) VALUES ('Крохальов Іван', 'КА-91', 'Ч', '2002-06-18', 0, 1300);
INSERT INTO students (studname, grupa, gender, birthday, kids, scholarship) VALUES ('Оксюта Ірина', 'КА-91', 'Ж', '2002-09-28', 0, 0);
INSERT INTO students (studname, grupa, gender, birthday, kids, scholarship) VALUES ('Островський Захар', 'КА-91', 'Ч', '2002-01-17', 0, 1800);
INSERT INTO students (studname, grupa, gender, birthday, kids, scholarship) VALUES ('Павлюк Віра', 'КА-91', 'Ж', '2001-07-13', 0, 1300);
INSERT INTO students (studname, grupa, gender, birthday, kids, scholarship) VALUES ('Правосуд Руслан', 'КА-91', 'Ч', '2002-01-15', 0, 1300);
INSERT INTO students (studname, grupa, gender, birthday, kids, scholarship) VALUES ('Прищепа Микола', 'КА-91', 'Ч', '2002-05-16', 0, 0);
INSERT INTO students (studname, grupa, gender, birthday, kids, scholarship) VALUES ('Сандига Ярослав', 'КА-91', 'Ч', '2002-07-25', 0, 0);
INSERT INTO students (studname, grupa, gender, birthday, kids, scholarship) VALUES ('Саркісян Анна', 'КА-91', 'Ж', '2002-03-04', 0, 0);
INSERT INTO students (studname, grupa, gender, birthday, kids, scholarship) VALUES ('Старовойт Анна', 'КА-91', 'Ж', '2002-07-19', 0, 1300);
INSERT INTO students (studname, grupa, gender, birthday, kids, scholarship) VALUES ('Столяр Михайло', 'КА-91', 'Ч', '2002-12-03', 0, 1300);
INSERT INTO students (studname, grupa, gender, birthday, kids, scholarship) VALUES ('Таранова Тетяна', 'КА-91', 'Ж', '2002-12-29', 0, 1300);
INSERT INTO students (studname, grupa, gender, birthday, kids, scholarship) VALUES ('Чоловський Сергій', 'КА-91', 'Ч', '2002-08-08', 0, 1300);
INSERT INTO students (studname, grupa, gender, birthday, kids, scholarship) VALUES ('Шутяк Дмитро', 'КА-91', 'Ч', '2002-03-11', 0, 0);
INSERT INTO students (studname, grupa, gender, birthday, kids, scholarship) VALUES ('Жакулін Нікіта ', 'КА-92', 'Ч', '2002-04-18', 0, 1300);
INSERT INTO students (studname, grupa, gender, birthday, kids, scholarship) VALUES ('Фалілеєва Дар\'я', 'КА-92', 'Ж', '2002-08-09', 0, 0);
INSERT INTO students (studname, grupa, gender, birthday, kids, scholarship) VALUES ('Васільченко Ілля', 'КА-93', 'Ч', '2002-04-04', 0, 1300);
INSERT INTO students (studname, grupa, gender, birthday, kids, scholarship) VALUES ('Московських Андрій', 'КА-94', 'Ч', '2002-09-09', 0, 1300);
INSERT INTO students (studname, grupa, gender, birthday, kids, scholarship) VALUES ('Толстіков Владислав ', 'КА-94', 'Ч', '2002-01-01', 0, 0);
INSERT INTO students (studname, grupa, gender, birthday, kids, scholarship) VALUES ('Харченко Андрій', 'КА-94', 'Ч', '2002-07-30', 0, 0);
INSERT INTO students (studname, grupa, gender, birthday, kids, scholarship) VALUES ('Загній Єгор', 'КА-95', 'Ч', '2002-03-08', 0, 1300);
INSERT INTO students (studname, grupa, gender, birthday, kids, scholarship) VALUES ('Трофімов Павло', 'КА-95', 'Ч', '2002-02-02', 0, 0);
INSERT INTO students (studname, grupa, gender, birthday, kids, scholarship) VALUES ('Пашнєва Ольга', 'КА-96', 'Ж', '2002-09-07', 0, 1300);
INSERT INTO students (studname, grupa, gender, birthday, kids, scholarship) VALUES ('Батейко Едуард', 'КА-92', 'Ч', '2002-04-09', 0, 1300);
INSERT INTO students (studname, grupa, gender, birthday, kids, scholarship) VALUES ('Бойко Павло ', 'КА-92', 'Ч', '2002-05-05', 0, 1300);
INSERT INTO students (studname, grupa, gender, birthday, kids, scholarship) VALUES ('Дунебабіна Олена', 'КА-92', 'Ж', '2002-05-24', 0, 0);
INSERT INTO students (studname, grupa, gender, birthday, kids, scholarship) VALUES ('Зінченко Світлана', 'КА-92', 'Ж', '2002-01-08', 0, 1300);
INSERT INTO students (studname, grupa, gender, birthday, kids, scholarship) VALUES ('Орел Євгеній', 'КА-92', 'Ч', '2002-04-16', 0, 1300);
INSERT INTO students (studname, grupa, gender, birthday, kids, scholarship) VALUES ('Позняк Дар\'я', 'КА-92', 'Ж', '2002-07-19', 0, 0);
INSERT INTO students (studname, grupa, gender, birthday, kids, scholarship) VALUES ('Мельник Ірина', 'КА-93', 'Ж', '2002-06-25', 0, 1300);
INSERT INTO students (studname, grupa, gender, birthday, kids, scholarship) VALUES ('Приходько Андрій', 'КА-93', 'Ч', '2002-09-16', 0, 0);
INSERT INTO students (studname, grupa, gender, birthday, kids, scholarship) VALUES ('Расторгуєв Роман ', 'КА-93', 'Ч', '2002-07-11', 0, 1300);
INSERT INTO students (studname, grupa, gender, birthday, kids, scholarship) VALUES ('Пузєй Марина', 'КА-94', 'Ж', '2002-11-11', 0, 1300);
INSERT INTO students (studname, grupa, gender, birthday, kids, scholarship) VALUES ('Брага Тетяна', 'КА-95', 'Ж', '2002-09-07', 0, 0);
INSERT INTO students (studname, grupa, gender, birthday, kids, scholarship) VALUES ('Карачев Владислав', 'КА-95', 'Ч', '2002-07-16', 0, 0);
INSERT INTO students (studname, grupa, gender, birthday, kids, scholarship) VALUES ('Крива Анна', 'КА-95', 'Ч', '2002-09-14', 0, 1900);
INSERT INTO students (studname, grupa, gender, birthday, kids, scholarship) VALUES ('Луценко Іван', 'КА-95', 'Ч', '2002-10-10', 0, 0);
INSERT INTO students (studname, grupa, gender, birthday, kids, scholarship) VALUES ('Павловський Євген', 'КА-95', 'Ч', '2002-09-17', 0, 1300);
INSERT INTO students (studname, grupa, gender, birthday, kids, scholarship) VALUES ('Руденко Владислав', 'КА-95', 'Ч', '2002-08-04', 0, 1300);
INSERT INTO students (studname, grupa, gender, birthday, kids, scholarship) VALUES ('Сєрих Юліанія', 'КА-95', 'Ж', '2002-09-07', 0, 1300);
INSERT INTO students (studname, grupa, gender, birthday, kids, scholarship) VALUES ('Синиця Анна', 'КА-95', 'Ж', '2002-09-15', 0, 0);
INSERT INTO students (studname, grupa, gender, birthday, kids, scholarship) VALUES ('Гальцева Анна', 'КА-96', 'Ж', '2002-11-16', 0, 0);
INSERT INTO students (studname, grupa, gender, birthday, kids, scholarship) VALUES ('Залевський Владислав', 'КА-96', 'Ч', '2002-09-14', 0, 1300);
INSERT INTO students (studname, grupa, gender, birthday, kids, scholarship) VALUES ('Лисов Богдан', 'КА-96', 'Ч', '2002-07-09', 0, 1100);
INSERT INTO students (studname, grupa, gender, birthday, kids, scholarship) VALUES ('Панасюк Ярослав', 'КА-96', 'Ж', '2002-09-07', 0, 0);
INSERT INTO students (studname, grupa, gender, birthday, kids, scholarship) VALUES ('Хомич Олександр', 'КА-96', 'Ч', '2002-11-19', 0, 1900);
INSERT INTO students (studname, grupa, gender, birthday, kids, scholarship) VALUES ('Жук Валентина', 'ДА-91', 'Ж', '2002-09-07', 0, 1900);
INSERT INTO students (studname, grupa, gender, birthday, kids, scholarship) VALUES ('Зарічний Ярослав', 'ДА-92', 'Ч', '2002-07-13', 0, 1300);
INSERT INTO students (studname, grupa, gender, birthday, kids, scholarship) VALUES ('Воловоденко Тарас', 'ДА-91', 'Ч', '2001-08-16', 0, 1300);
INSERT INTO students (studname, grupa, gender, birthday, kids, scholarship) VALUES ('Шарапов Євгеній', 'КА-81', 'Ч', '2001-01-06', 0, 1800);
INSERT INTO students (studname, grupa, gender, birthday, kids, scholarship) VALUES ('Панібратов Роман', 'КА-83', 'Ч', '2001-03-04', 0, 0);
INSERT INTO students (studname, grupa, gender, birthday, kids, scholarship) VALUES ('Колдаєв Дмитро', 'КА-81', 'Ч', '2001-06-04', 0, 1300);
INSERT INTO students (studname, grupa, gender, birthday, kids, scholarship) VALUES ('Бондаренко Ганна', 'КА-83', 'Ж', '2001-03-04', 0, 1300);
INSERT INTO students (studname, grupa, gender, birthday, kids, scholarship) VALUES ('Бойко Ксенія', 'ДА-82', 'Ж', '2001-04-06', 0, 0);
INSERT INTO students (studname, grupa, gender, birthday, kids, scholarship) VALUES ('Калюжний Єгор', 'ДА-81', 'Ч', '2001-02-02', 0, 0);
INSERT INTO students (studname, grupa, gender, birthday, kids, scholarship) VALUES ('Попова Дарія', 'КА-85', 'Ж', '2001-07-09', 0, 0);
INSERT INTO students (studname, grupa, gender, birthday, kids, scholarship) VALUES ('Петров Петро', 'ДА-82', 'Ч', '1999-02-19', 1, 1300);
INSERT INTO students (studname, grupa, gender, birthday, kids, scholarship) VALUES ('Щедров Максим', 'КА-97', 'Ч', '2002-06-04', 0, 1300);

INSERT INTO teachers (teach_PIB, dep, category, topic_name, doct_topic_name, gender, birthday, kids, salary) VALUES ('Ільенко А.Б.', 'МАтаТЙ', 'доцент', 'Сучасні проблеми теорії ймовірностей та суміжні питання', 'Асимптотичний аналіз дробових процесів', 'Ч', '1999-12-12', 1, 18000);
INSERT INTO teachers (teach_PIB, dep, category, topic_name, doct_topic_name, gender, birthday, kids, salary) VALUES ('Севостьянов В.В.', 'ММСА', 'викладач', 'Текстова Аналітика', NULL, 'Ч', '1997-12-12', 0, 20000);
INSERT INTO teachers (teach_PIB, dep, category, topic_name, doct_topic_name, gender, birthday, kids, salary) VALUES ('Мілявський Ю.Л.', 'ММСА', 'старший викладач', 'Розробка методології системного аналізу', NULL, 'Ч', '1989-12-12', 0, 19000);
INSERT INTO teachers (teach_PIB, dep, category, topic_name, doct_topic_name, gender, birthday, kids, salary) VALUES ('Данілов В.Я.', 'ММСА', 'професор', 'Згасання звуку в міжтрубному просторі свердловин', 'Виявлення хаосу в нелінійних динамічних системах', 'Ч', '1999-12-12', 1, 19000);
INSERT INTO teachers (teach_PIB, dep, category, topic_name, doct_topic_name, gender, birthday, kids, salary) VALUES ('Мухін В.Є.', 'ММСА', 'професор', 'Управление ресурсами распределенной компьютерной системы', 'Вопросы проектирования средств защиты информации', 'Ч', '1989-12-12', 1, 20000);
INSERT INTO teachers (teach_PIB, dep, category, topic_name, doct_topic_name, gender, birthday, kids, salary) VALUES ('Іщенко В.В.', 'КПП', 'викладач', 'Адміністративна відповідальність фізичних осіб за правопорушення у сфері оподаткування', NULL, 'Ч', '1999-12-12', 0, 20000);
INSERT INTO teachers (teach_PIB, dep, category, topic_name, doct_topic_name, gender, birthday, kids, salary) VALUES ('Заворотна О.І.', 'АМГС', 'викладач', 'Teaching speaking in ESP ', NULL, 'Ж', '1999-12-12', 0, 17000);
INSERT INTO teachers (teach_PIB, dep, category, topic_name, doct_topic_name, gender, birthday, kids, salary) VALUES ('Кухарєв С.О.', 'ММСА', 'асистент', NULL, NULL, 'Ч', '1989-12-12', 0, 20000);
INSERT INTO teachers (teach_PIB, dep, category, topic_name, doct_topic_name, gender, birthday, kids, salary) VALUES ('Рощина Н.В.', 'ТПЕ', 'доцент', 'Глобалізація напрямів формування промислового потенціалу', 'Концептуальні засади управління людським потенціалом', 'Ж', '1999-12-12', 0, 20000);
INSERT INTO teachers (teach_PIB, dep, category, topic_name, doct_topic_name, gender, birthday, kids, salary) VALUES ('Яковлева А.П.', 'ММСА', 'доцент', 'Теорія багатозначних відображень', 'Методи оптимального керування', 'Ж', '1997-12-12', 1, 16000);
INSERT INTO teachers (teach_PIB, dep, category, topic_name, doct_topic_name, gender, birthday, kids, salary) VALUES ('Безносик О. Ю.', 'СП', 'асистент', NULL, NULL, 'Ч', '1999-12-12', 0, 20000);
INSERT INTO teachers (teach_PIB, dep, category, topic_name, doct_topic_name, gender, birthday, kids, salary) VALUES ('Кисельов Г.Д.', 'СП', 'доцент', 'Можливості та принципи реализації логічного моделювання', 'Застосування персональних ЕОМ', 'Ч', '1979-12-12', 0, 20000);

INSERT INTO schedule_ (groups_group, teacher_name, lesson_type, num_of_pair, day_of_week, study_plan_subject) VALUES ('КА-91', 'Ільенко А.Б.', 'практика', 1, 'четверг', 'Теорія випадкових процесів');
INSERT INTO schedule_ (groups_group, teacher_name, lesson_type, num_of_pair, day_of_week, study_plan_subject) VALUES ('КА-91', 'Ільенко А.Б.', 'лекція', 2, 'четверг', 'Теорія випадкових процесів');
INSERT INTO schedule_ (groups_group, teacher_name, lesson_type, num_of_pair, day_of_week, study_plan_subject) VALUES ('КА-93', 'Ільенко А.Б.', 'лекція', 2, 'четверг', 'Теорія випадкових процесів');
INSERT INTO schedule_ (groups_group, teacher_name, lesson_type, num_of_pair, day_of_week, study_plan_subject) VALUES ('КА-92', 'Ільенко А.Б.', 'лекція', 2, 'четверг', 'Теорія випадкових процесів');
INSERT INTO schedule_ (groups_group, teacher_name, lesson_type, num_of_pair, day_of_week, study_plan_subject) VALUES ('КА-93', 'Ільенко А.Б.', 'лекція', 2, 'четверг', 'Теорія випадкових процесів');
INSERT INTO schedule_ (groups_group, teacher_name, lesson_type, num_of_pair, day_of_week, study_plan_subject) VALUES ('КА-92', 'Ільенко А.Б.', 'практика', 1, 'четверг', 'Теорія випадкових процесів');
INSERT INTO schedule_ (groups_group, teacher_name, lesson_type, num_of_pair, day_of_week, study_plan_subject) VALUES ('КА-91', 'Севостьянов В.В.', 'лекція', 2, 'понеділок', 'Аналіз текстової інформації');
INSERT INTO schedule_ (groups_group, teacher_name, lesson_type, num_of_pair, day_of_week, study_plan_subject) VALUES ('КА-92', 'Севостьянов В.В.', 'лекція', 2, 'понеділок', 'Аналіз текстової інформації');
INSERT INTO schedule_ (groups_group, teacher_name, lesson_type, num_of_pair, day_of_week, study_plan_subject) VALUES ('КА-93', 'Севостьянов В.В.', 'лекція', 2, 'понеділок', 'Аналіз текстової інформації');
INSERT INTO schedule_ (groups_group, teacher_name, lesson_type, num_of_pair, day_of_week, study_plan_subject) VALUES ('КА-94', 'Севостьянов В.В.', 'лекція', 2, 'понеділок', 'Аналіз текстової інформації');
INSERT INTO schedule_ (groups_group, teacher_name, lesson_type, num_of_pair, day_of_week, study_plan_subject) VALUES ('КА-91', 'Севостьянов В.В.', 'практика', 3, 'понеділок', 'Аналіз текстової інформації');
INSERT INTO schedule_ (groups_group, teacher_name, lesson_type, num_of_pair, day_of_week, study_plan_subject) VALUES ('КА-93', 'Севостьянов В.В.', 'практика', 3, 'понеділок', 'Аналіз текстової інформації'); 
INSERT INTO schedule_ (groups_group, teacher_name, lesson_type, num_of_pair, day_of_week, study_plan_subject) VALUES ('КА-94', 'Севостьянов В.В.', 'практика', 3, 'понеділок', 'Аналіз текстової інформації'); 
INSERT INTO schedule_ (groups_group, teacher_name, lesson_type, num_of_pair, day_of_week, study_plan_subject) VALUES ('КА-91', 'Мілявський Ю.Л.', 'лекція', 1, 'вівторок', 'Теорія керування');
INSERT INTO schedule_ (groups_group, teacher_name, lesson_type, num_of_pair, day_of_week, study_plan_subject) VALUES ('КА-91', 'Мілявський Ю.Л.', 'лекція', 1, 'вівторок', 'Теорія керування');
INSERT INTO schedule_ (groups_group, teacher_name, lesson_type, num_of_pair, day_of_week, study_plan_subject) VALUES ('КА-92', 'Мілявський Ю.Л.', 'лекція', 1, 'вівторок', 'Теорія керування');
INSERT INTO schedule_ (groups_group, teacher_name, lesson_type, num_of_pair, day_of_week, study_plan_subject) VALUES ('КА-93', 'Мілявський Ю.Л.', 'лекція', 1, 'вівторок', 'Теорія керування');
INSERT INTO schedule_ (groups_group, teacher_name, lesson_type, num_of_pair, day_of_week, study_plan_subject) VALUES ('КА-94', 'Мілявський Ю.Л.', 'лекція', 1, 'вівторок', 'Теорія керування');
INSERT INTO schedule_ (groups_group, teacher_name, lesson_type, num_of_pair, day_of_week, study_plan_subject) VALUES ('КА-91', 'Данілов В.Я.', 'лекція', 2, 'вівторок', 'Синергетичні методи аналізу');
INSERT INTO schedule_ (groups_group, teacher_name, lesson_type, num_of_pair, day_of_week, study_plan_subject) VALUES ('КА-91', 'Данілов В.Я.', 'лекція', 2, 'вівторок', 'Синергетичні методи аналізу');
INSERT INTO schedule_ (groups_group, teacher_name, lesson_type, num_of_pair, day_of_week, study_plan_subject) VALUES ('КА-91', 'Данілов В.Я.', 'практика', 3, 'вівторок', 'Синергетичні методи аналізу');
INSERT INTO schedule_ (groups_group, teacher_name, lesson_type, num_of_pair, day_of_week, study_plan_subject) VALUES ('КА-92', 'Мухін В.Є.', 'практика', 3, 'вівторок', 'Організація баз даних та знань');
INSERT INTO schedule_ (groups_group, teacher_name, lesson_type, num_of_pair, day_of_week, study_plan_subject) VALUES ('КА-91', 'Мухін В.Є.', 'лекція', 4, 'вівторок', 'Організація баз даних та знань');
INSERT INTO schedule_ (groups_group, teacher_name, lesson_type, num_of_pair, day_of_week, study_plan_subject) VALUES ('КА-92', 'Мухін В.Є.', 'лекція', 4, 'вівторок', 'Організація баз даних та знань');
INSERT INTO schedule_ (groups_group, teacher_name, lesson_type, num_of_pair, day_of_week, study_plan_subject) VALUES ('КА-93', 'Мухін В.Є.', 'лекція', 4, 'вівторок', 'Організація баз даних та знань');
INSERT INTO schedule_ (groups_group, teacher_name, lesson_type, num_of_pair, day_of_week, study_plan_subject) VALUES ('КА-94', 'Мухін В.Є.', 'лекція', 4, 'вівторок', 'Організація баз даних та знань');
INSERT INTO schedule_ (groups_group, teacher_name, lesson_type, num_of_pair, day_of_week, study_plan_subject) VALUES ('КА-91', 'Іщенко В.В.', 'практика', 5, 'вівторок', 'Підприємницьке право');
INSERT INTO schedule_ (groups_group, teacher_name, lesson_type, num_of_pair, day_of_week, study_plan_subject) VALUES ('КА-92', 'Іщенко В.В.', 'практика', 5, 'вівторок', 'Підприємницьке право');
INSERT INTO schedule_ (groups_group, teacher_name, lesson_type, num_of_pair, day_of_week, study_plan_subject) VALUES ('КА-91', 'Кухарєв С.О.', 'лекція', 2, 'середа', 'Комп\'ютерні мережі');
INSERT INTO schedule_ (groups_group, teacher_name, lesson_type, num_of_pair, day_of_week, study_plan_subject) VALUES ('КА-92', 'Кухарєв С.О.', 'лекція', 2, 'середа', 'Комп\'ютерні мережі');
INSERT INTO schedule_ (groups_group, teacher_name, lesson_type, num_of_pair, day_of_week, study_plan_subject) VALUES ('КА-93', 'Кухарєв С.О.', 'лекція', 2, 'середа', 'Комп\'ютерні мережі');
INSERT INTO schedule_ (groups_group, teacher_name, lesson_type, num_of_pair, day_of_week, study_plan_subject) VALUES ('КА-94', 'Кухарєв С.О.', 'лекція', 2, 'середа', 'Комп\'ютерні мережі');
INSERT INTO schedule_ (groups_group, teacher_name, lesson_type, num_of_pair, day_of_week, study_plan_subject) VALUES ('КА-91', 'Кухарєв С.О.', 'практика', 3, 'середа', 'Комп\'ютерні мережі');
INSERT INTO schedule_ (groups_group, teacher_name, lesson_type, num_of_pair, day_of_week, study_plan_subject) VALUES ('КА-92', 'Рощина Н.В.', 'практика', 3, 'середа', 'Економіка та організація виробництва'); 
INSERT INTO schedule_ (groups_group, teacher_name, lesson_type, num_of_pair, day_of_week, study_plan_subject) VALUES ('КА-91', 'Рощина Н.В.', 'лекція', 4, 'середа', 'Економіка та організація виробництва'); 
INSERT INTO schedule_ (groups_group, teacher_name, lesson_type, num_of_pair, day_of_week, study_plan_subject) VALUES ('КА-92', 'Рощина Н.В.', 'лекція', 4, 'середа', 'Економіка та організація виробництва'); 
INSERT INTO schedule_ (groups_group, teacher_name, lesson_type, num_of_pair, day_of_week, study_plan_subject) VALUES ('КА-91', 'Заворотна О.І.', 'семінар', 5, 'середа', 'Англійська мова');
INSERT INTO schedule_ (groups_group, teacher_name, lesson_type, num_of_pair, day_of_week, study_plan_subject) VALUES ('КА-91', 'Яковлева А.П.', 'лекція', 3, 'четверг', 'Методи оптимізації');
INSERT INTO schedule_ (groups_group, teacher_name, lesson_type, num_of_pair, day_of_week, study_plan_subject) VALUES ('КА-91', 'Яковлева А.П.', 'лекція', 3, 'четверг', 'Методи оптимізації');
INSERT INTO schedule_ (groups_group, teacher_name, lesson_type, num_of_pair, day_of_week, study_plan_subject) VALUES ('КА-92', 'Яковлева А.П.', 'лекція', 3, 'четверг', 'Методи оптимізації');
INSERT INTO schedule_ (groups_group, teacher_name, lesson_type, num_of_pair, day_of_week, study_plan_subject) VALUES ('КА-93', 'Яковлева А.П.', 'лекція', 3, 'четверг', 'Методи оптимізації');
INSERT INTO schedule_ (groups_group, teacher_name, lesson_type, num_of_pair, day_of_week, study_plan_subject) VALUES ('КА-91', 'Яковлева А.П.', 'практика', 4, 'четверг', 'Методи оптимізації');
INSERT INTO schedule_ (groups_group, teacher_name, lesson_type, num_of_pair, day_of_week, study_plan_subject) VALUES ('КА-92', 'Яковлева А.П.', 'практика', 3, 'четверг', 'Методи оптимізації');
INSERT INTO schedule_ (groups_group, teacher_name, lesson_type, num_of_pair, day_of_week, study_plan_subject) VALUES ('КА-93', 'Мухін В.Є.', 'практика', 5, 'вівторок', 'Організація баз даних та знань');
INSERT INTO schedule_ (groups_group, teacher_name, lesson_type, num_of_pair, day_of_week, study_plan_subject) VALUES ('КА-94', 'Мухін В.Є.', 'лекція', 4, 'вівторок', 'Організація баз даних та знань');
INSERT INTO schedule_ (groups_group, teacher_name, lesson_type, num_of_pair, day_of_week, study_plan_subject) VALUES ('КА-93', 'Ільенко А.Б.', 'практика', 1, 'середа', 'Теорія випадкових процесів');
INSERT INTO schedule_ (groups_group, teacher_name, lesson_type, num_of_pair, day_of_week, study_plan_subject) VALUES ('КА-06', 'Ільенко А.Б.', 'практика', 2, 'середа', 'Математична статистика');
INSERT INTO schedule_ (groups_group, teacher_name, lesson_type, num_of_pair, day_of_week, study_plan_subject) VALUES ('КА-06', 'Ільенко А.Б.', 'лекція', 3, 'середа', 'Математична статистика');
INSERT INTO schedule_ (groups_group, teacher_name, lesson_type, num_of_pair, day_of_week, study_plan_subject) VALUES ('КА-07', 'Ільенко А.Б.', 'лекція', 3, 'середа', 'Математична статистика');
INSERT INTO schedule_ (groups_group, teacher_name, lesson_type, num_of_pair, day_of_week, study_plan_subject) VALUES ('КА-93', 'Яковлева А.П.', 'практика', 3, 'вівторок', 'Методи оптимізації');
INSERT INTO schedule_ (groups_group, teacher_name, lesson_type, num_of_pair, day_of_week, study_plan_subject) VALUES ('КА-94', 'Кухарєв С.О.', 'практика', 1, 'середа', 'Комп\'ютерні мережі');

INSERT INTO study_plan (subj_name, lect_hours, pract_hours, seminar_hours, n_labs, course_work, exam) VALUES ('Теорія керування', 36, 18, 9, 0, NULL, 1);
INSERT INTO study_plan (subj_name, lect_hours, pract_hours, seminar_hours, n_labs, course_work, exam) VALUES ('Синергетичні методи аналізу', 60, 18, 18, 9, NULL, NULL);
INSERT INTO study_plan (subj_name, lect_hours, pract_hours, seminar_hours, n_labs, course_work, exam) VALUES ('Організація баз даних та знань', 36, 18, 9, 5, 1, 1);
INSERT INTO study_plan (subj_name, lect_hours, pract_hours, seminar_hours, n_labs, course_work, exam) VALUES ('Англійська мова', 36, 18, 18, 0, NULL, NULL);
INSERT INTO study_plan (subj_name, lect_hours, pract_hours, seminar_hours, n_labs, course_work, exam) VALUES ('Економіка та організація виробництва', 60, 18, 18, 3, NULL, NULL);
INSERT INTO study_plan (subj_name, lect_hours, pract_hours, seminar_hours, n_labs, course_work, exam) VALUES ('Комп\'ютерні мережі', 60, 36, 18, 5, NULL, NULL);
INSERT INTO study_plan (subj_name, lect_hours, pract_hours, seminar_hours, n_labs, course_work, exam) VALUES ('Підприємницьке право', 60, 18, 18, 3, NULL, NULL);
INSERT INTO study_plan (subj_name, lect_hours, pract_hours, seminar_hours, n_labs, course_work, exam) VALUES ('Методи оптимізації', 36, 18, 36, 4, NULL, NULL);
INSERT INTO study_plan (subj_name, lect_hours, pract_hours, seminar_hours, n_labs, course_work, exam) VALUES ('Теорія випадкових процесів', 36, 18, 51, 1, NULL, 1);
INSERT INTO study_plan (subj_name, lect_hours, pract_hours, seminar_hours, n_labs, course_work, exam) VALUES ('Аналіз текстової інформації', 36, 18, 18, 1, NULL, NULL);
INSERT INTO study_plan (subj_name, lect_hours, pract_hours, seminar_hours, n_labs, course_work, exam) VALUES ('Математична статистика', 36, 18, 0, 1, 0, 1);

INSERT INTO semester_grades (student_name, study_plan_subject, grade) VALUES ('Семиволос Олена', 'Методи оптимізації', 100);
INSERT INTO semester_grades (student_name, study_plan_subject, grade) VALUES ('Семиволос Олена', 'Теорія керування', 99);
INSERT INTO semester_grades (student_name, study_plan_subject, grade) VALUES ('Семиволос Олена', 'Організація баз даних та знань', 100); 
INSERT INTO semester_grades (student_name, study_plan_subject, grade) VALUES ('Семиволос Олена', 'Підприємницьке право', 94);
INSERT INTO semester_grades (student_name, study_plan_subject, grade) VALUES ('Прищепа Микола', 'Методи оптимізації', 74);
INSERT INTO semester_grades (student_name, study_plan_subject, grade) VALUES ('Прищепа Микола', 'Теорія керування', 96);
INSERT INTO semester_grades (student_name, study_plan_subject, grade) VALUES ('Прищепа Микола', 'Організація баз даних та знань', 86); 
INSERT INTO semester_grades (student_name, study_plan_subject, grade) VALUES ('Прищепа Микола', 'Підприємницьке право', 63);
INSERT INTO semester_grades (student_name, study_plan_subject, grade) VALUES ('Собко Тетяна', 'Теорія керування', 98);
INSERT INTO semester_grades (student_name, study_plan_subject, grade) VALUES ('Собко Тетяна', 'Методи оптимізації', 100);
INSERT INTO semester_grades (student_name, study_plan_subject, grade) VALUES ('Собко Тетяна', 'Організація баз даних та знань', 100);
INSERT INTO semester_grades (student_name, study_plan_subject, grade) VALUES ('Собко Тетяна', 'Підприємницьке право', 96);
INSERT INTO semester_grades (student_name, study_plan_subject, grade) VALUES ('Семиволос Олена', 'Теорія випадкових процесів', 93);
INSERT INTO semester_grades (student_name, study_plan_subject, grade) VALUES ('Прищепа Микола', 'Теорія випадкових процесів', 74);
INSERT INTO semester_grades (student_name, study_plan_subject, grade) VALUES ('Собко Тетяна', 'Теорія випадкових процесів', 100);
INSERT INTO semester_grades (student_name, study_plan_subject, grade) VALUES ('Крива Анна', 'Аналіз текстової інформації', 100);
INSERT INTO semester_grades (student_name, study_plan_subject, grade) VALUES ('Крива Анна', 'Підприємницьке право', 99);

INSERT INTO diplomas (stud_name, teach_name, diploma_name) VALUES ('Шарапов Євгеній', 'Яковлева А.П.', 'Важка тема'); 
INSERT INTO diplomas (stud_name, teach_name, diploma_name) VALUES ('Панібратов Роман', 'Яковлева А.П.', 'Дуже важка тема'); 
INSERT INTO diplomas (stud_name, teach_name, diploma_name) VALUES ('Колдаєв Дмитро', 'Кухарєв С.О.', 'Важлива тема'); 
INSERT INTO diplomas (stud_name, teach_name, diploma_name) VALUES ('Бондаренко Ганна', 'Яковлева А.П.', 'Цікава тема'); 
INSERT INTO diplomas (stud_name, teach_name, diploma_name) VALUES ('Бойко Ксенія', 'Безносик О. Ю.', 'Популярна тема'); 
INSERT INTO diplomas (stud_name, teach_name, diploma_name) VALUES ('Калюжний Єгор', 'Кисельов Г.Д.', 'Не популярна тема'); 
INSERT INTO diplomas (stud_name, teach_name, diploma_name) VALUES ('Попова Дарія', 'Данілов В.Я.', 'Унікальна тема');